model_id,scale,response_var,remove_zeroes,predictor,slope,p_value_slope,std_slope,chisq,p_value_chisq,r2_partial,r2m,r2c,status,model_converged,model_used
climate,1.00E-04,non_native_percent,FALSE,pca1_clima,-2.71886229,0.00275468,-1.0382,8.963226284,0.00275468,0.005230524,0.765268282,0.765268282,ok,TRUE,binomial
climate,1.00E-04,non_native_percent,FALSE,pH,-0.480415521,0.222702265,-0.1416,1.486873007,0.222702265,8.77E-05,0.765268282,0.765268282,ok,TRUE,binomial
climate,1.00E-04,non_native_percent,FALSE,microrelief,0.053955897,0.24606239,0.0829,1.345522598,0.24606239,2.36E-07,0.765268282,0.765268282,ok,TRUE,binomial
climate,1.00E-04,non_native_percent,FALSE,heat_index,2.486730689,0.113727664,0.1448,2.501642047,0.113727664,5.94E-04,0.765268282,0.765268282,ok,TRUE,binomial
climate,1.00E-04,non_native_percent,FALSE,cover_litter,0.734534731,0.478748266,0.0606,0.50171333,0.478748266,3.98E-05,0.765268282,0.765268282,ok,TRUE,binomial
climate,1.00E-04,non_native_percent,FALSE,cover_herbs_sum,1.1486714,0.152349477,0.0984,2.048567502,0.152349477,4.65E-05,0.765268282,0.765268282,ok,TRUE,binomial
climate,1.00E-04,non_native_percent,FALSE,cover_gravel_stones,0.891238824,0.61849989,0.0408,0.247981606,0.61849989,1.43E-04,0.765268282,0.765268282,ok,TRUE,binomial
climate,1.00E-04,non_native_percent,FALSE,built_up_2km,6.702374504,0.09368719,0.0935,2.809849059,0.09368719,8.78E-05,0.765268282,0.765268282,ok,TRUE,binomial
climate,1.00E-04,non_native_percent,FALSE,grazing_intencity,0.284682631,0.57811747,0.0654,0.309287929,0.57811747,4.46E-06,0.765268282,0.765268282,ok,TRUE,binomial
climate,1.00E-04,non_native_percent,FALSE,mowing,0.538642207,0.558871062,0.0335,0.341662677,0.558871062,2.70E-04,0.765268282,0.765268282,ok,TRUE,binomial
climate,1.00E-04,non_native_percent,FALSE,abandonment,0.032996401,0.970844617,0.0044,0.001335829,0.970844617,2.44E-05,0.765268282,0.765268282,ok,TRUE,binomial
climate,0.01,non_native_percent,FALSE,pca1_clima,-1.523200581,2.01E-06,-0.8388,22.59004705,2.01E-06,0.129582163,0.465066895,0.514251808,ok,TRUE,binomial
climate,0.01,non_native_percent,FALSE,pH,-0.212846842,0.30842061,-0.0926,1.037427125,0.30842061,0.003294464,0.465066895,0.514251808,ok,TRUE,binomial
climate,0.01,non_native_percent,FALSE,microrelief,0.039022687,0.101633954,0.0868,2.679714397,0.101633954,0.001447044,0.465066895,0.514251808,ok,TRUE,binomial
climate,0.01,non_native_percent,FALSE,heat_index,-0.685448954,0.346987647,-0.0594,0.884443043,0.346987647,0.006312289,0.465066895,0.514251808,ok,TRUE,binomial
climate,0.01,non_native_percent,FALSE,cover_litter,0.744095426,0.106645612,0.0891,2.603238226,0.106645612,0.002504613,0.465066895,0.514251808,ok,TRUE,binomial
climate,0.01,non_native_percent,FALSE,cover_herbs_sum,0.877884385,0.0397771,0.1183,4.22736709,0.0397771,0.031609606,0.465066895,0.514251808,ok,TRUE,binomial
climate,0.01,non_native_percent,FALSE,cover_gravel_stones,-0.082506444,0.935886878,-0.0061,0.006470682,0.935886878,0.003623617,0.465066895,0.514251808,ok,TRUE,binomial
climate,0.01,non_native_percent,FALSE,built_up_2km,2.078661886,0.397566564,0.0433,0.715674086,0.397566564,0.004996019,0.465066895,0.514251808,ok,TRUE,binomial
climate,0.01,non_native_percent,FALSE,grazing_intencity,0.009959606,0.967437717,0.0033,0.001666444,0.967437717,0.001154128,0.465066895,0.514251808,ok,TRUE,binomial
climate,0.01,non_native_percent,FALSE,mowing,0.76906734,0.173627989,0.0675,1.851336866,0.173627989,0.006365659,0.465066895,0.514251808,ok,TRUE,binomial
climate,0.01,non_native_percent,FALSE,abandonment,0.178046242,0.678526697,0.035,0.171789045,0.678526697,0.001444623,0.465066895,0.514251808,ok,TRUE,binomial
climate,0.01,invasive_percent,FALSE,pca1_clima,-5.14396E+13,0.003497557,NA,9.108401979,0.002544381,0.018871739,1,1,ok,TRUE,quasibinomial
climate,0.01,invasive_percent,FALSE,pH,4.90886E+14,4.28E-43,NA,407.5531388,1.25E-90,0.533331919,1,1,ok,TRUE,quasibinomial
climate,0.01,invasive_percent,FALSE,microrelief,1.40117E+13,7.23E-06,NA,22.50356798,2.10E-06,0.044860952,1,1,ok,TRUE,quasibinomial
climate,0.01,invasive_percent,FALSE,heat_index,1.9716E+14,0.010960277,NA,6.895454833,0.008641517,0.015877155,1,1,ok,TRUE,quasibinomial
climate,0.01,invasive_percent,FALSE,cover_litter,5.80057E+14,5.88E-16,NA,86.27706711,1.56E-20,0.186971697,1,1,ok,TRUE,quasibinomial
climate,0.01,invasive_percent,FALSE,cover_herbs_sum,8.13448E+14,4.20E-30,NA,219.391146,1.23E-49,0.381874437,1,1,ok,TRUE,quasibinomial
climate,0.01,invasive_percent,FALSE,cover_gravel_stones,-1.57529E+15,7.16E-29,NA,205.2619589,1.48E-46,0.420232356,1,1,ok,TRUE,quasibinomial
climate,0.01,invasive_percent,FALSE,built_up_2km,1.42141E+15,1.00E-04,NA,16.62396606,4.56E-05,0.051126917,1,1,ok,TRUE,quasibinomial
climate,0.01,invasive_percent,FALSE,grazing_intencity,-3.05084E+14,5.37E-21,NA,121.0018838,3.82E-28,0.22038166,1,1,ok,TRUE,quasibinomial
climate,0.01,invasive_percent,FALSE,mowing,-6.52828E+13,0.349066787,NA,0.915432779,0.33867704,0.00149461,1,1,ok,TRUE,quasibinomial
climate,0.01,invasive_percent,FALSE,abandonment,-2.2489E+14,2.73E-05,NA,19.31094986,1.11E-05,0.044549874,1,1,ok,TRUE,quasibinomial
climate,0.1,non_native_percent,FALSE,pca1_clima,-1.58221118,5.73E-12,-0.8699,47.42129585,5.73E-12,0.262065626,0.466404849,0.509565408,ok,TRUE,binomial
climate,0.1,non_native_percent,FALSE,pH,-0.327826497,0.024916599,-0.1429,5.029673261,0.024916599,0.009991596,0.466404849,0.509565408,ok,TRUE,binomial
climate,0.1,non_native_percent,FALSE,microrelief,0.044796913,0.006985722,0.0995,7.276636405,0.006985722,0.006911704,0.466404849,0.509565408,ok,TRUE,binomial
climate,0.1,non_native_percent,FALSE,heat_index,0.043719823,0.931305713,0.0038,0.007430813,0.931305713,3.76E-05,0.466404849,0.509565408,ok,TRUE,binomial
climate,0.1,non_native_percent,FALSE,cover_litter,0.817352029,0.014198298,0.0978,6.013318945,0.014198298,0.022786203,0.466404849,0.509565408,ok,TRUE,binomial
climate,0.1,non_native_percent,FALSE,cover_herbs_sum,0.357909432,0.238632764,0.0484,1.388652663,0.238632764,0.013877718,0.466404849,0.509565408,ok,TRUE,binomial
climate,0.1,non_native_percent,FALSE,cover_gravel_stones,-0.228771655,0.721219767,-0.0168,0.12732699,0.721219767,6.89E-04,0.466404849,0.509565408,ok,TRUE,binomial
climate,0.1,non_native_percent,FALSE,built_up_2km,3.095642608,0.057391184,0.0644,3.611214766,0.057391184,0.004412635,0.466404849,0.509565408,ok,TRUE,binomial
climate,0.1,non_native_percent,FALSE,grazing_intencity,-0.029746637,0.869485981,-0.0099,0.026998247,0.869485981,3.59E-04,0.466404849,0.509565408,ok,TRUE,binomial
climate,0.1,non_native_percent,FALSE,mowing,0.179380899,0.714753703,0.0157,0.133575073,0.714753703,2.43E-05,0.466404849,0.509565408,ok,TRUE,binomial
climate,0.1,non_native_percent,FALSE,abandonment,-0.014799326,0.962165511,-0.0029,0.002250201,0.962165511,5.38E-05,0.466404849,0.509565408,ok,TRUE,binomial
climate,0.1,invasive_percent,FALSE,pca1_clima,-1.355281758,0.016535542,NA,6.084626811,0.013636317,0.028117631,0.322150432,0.819535118,ok,TRUE,quasibinomial
climate,0.1,invasive_percent,FALSE,pH,-0.376618478,0.024845969,NA,5.336046023,0.020888801,0.00147892,0.322150432,0.819535118,ok,TRUE,quasibinomial
climate,0.1,invasive_percent,FALSE,microrelief,0.063647903,0.002825135,NA,9.578907441,0.001968255,0.002095024,0.322150432,0.819535118,ok,TRUE,quasibinomial
climate,0.1,invasive_percent,FALSE,heat_index,6.705090008,1.15E-05,NA,21.42952727,3.67E-06,0.038809947,0.322150432,0.819535118,ok,TRUE,quasibinomial
climate,0.1,invasive_percent,FALSE,cover_litter,1.914734553,3.66E-05,NA,18.83318577,1.43E-05,0.005420742,0.322150432,0.819535118,ok,TRUE,quasibinomial
climate,0.1,invasive_percent,FALSE,cover_herbs_sum,-1.78756726,1.09E-06,NA,26.8816689,2.16E-07,0.006456093,0.322150432,0.819535118,ok,TRUE,quasibinomial
climate,0.1,invasive_percent,FALSE,cover_gravel_stones,-2.945707215,0.299585081,NA,1.12501667,0.288840794,0.005458938,0.322150432,0.819535118,ok,TRUE,quasibinomial
climate,0.1,invasive_percent,FALSE,built_up_2km,14.52186046,0.006452878,NA,7.928648857,0.004865812,0.012023634,0.322150432,0.819535118,ok,TRUE,quasibinomial
climate,0.1,invasive_percent,FALSE,grazing_intencity,0.046496062,0.939958694,NA,0.005907048,0.938737047,1.42E-05,0.322150432,0.819535118,ok,TRUE,quasibinomial
climate,0.1,invasive_percent,FALSE,mowing,-0.284278906,0.875410248,NA,0.025597127,0.872888148,6.14E-05,0.322150432,0.819535118,ok,TRUE,quasibinomial
climate,0.1,invasive_percent,FALSE,abandonment,-1.211977505,0.29433783,NA,1.148690301,0.283823483,0.002929704,0.322150432,0.819535118,ok,TRUE,quasibinomial
climate,1,non_native_percent,FALSE,pca1_clima,-1.523160453,1.13E-12,-0.8341,50.60064398,1.13E-12,0.291866875,0.433127083,0.520368229,ok,TRUE,binomial
climate,1,non_native_percent,FALSE,pH,-0.309837441,0.026100299,-0.1345,4.949361961,0.026100299,0.010143998,0.433127083,0.520368229,ok,TRUE,binomial
climate,1,non_native_percent,FALSE,microrelief,0.029039758,0.071664007,0.0642,3.244489629,0.071664007,0.001376807,0.433127083,0.520368229,ok,TRUE,binomial
climate,1,non_native_percent,FALSE,heat_index,0.395369866,0.406320872,0.034,0.689540046,0.406320872,0.004443517,0.433127083,0.520368229,ok,TRUE,binomial
climate,1,non_native_percent,FALSE,cover_litter,0.355234593,0.26507752,0.0423,1.242043838,0.26507752,0.00565133,0.433127083,0.520368229,ok,TRUE,binomial
climate,1,non_native_percent,FALSE,cover_herbs_sum,0.493854638,0.083066701,0.0668,3.003853984,0.083066701,0.0138624,0.433127083,0.520368229,ok,TRUE,binomial
climate,1,non_native_percent,FALSE,cover_gravel_stones,-0.391340117,0.497372059,-0.0285,0.460539255,0.497372059,0.0010095,0.433127083,0.520368229,ok,TRUE,binomial
climate,1,non_native_percent,FALSE,built_up_2km,2.243936166,0.183047804,0.0465,1.7727039,0.183047804,0.005729075,0.433127083,0.520368229,ok,TRUE,binomial
climate,1,non_native_percent,FALSE,grazing_intencity,-0.088977,0.602160413,-0.0295,0.27174978,0.602160413,4.51E-04,0.433127083,0.520368229,ok,TRUE,binomial
climate,1,non_native_percent,FALSE,mowing,0.518901484,0.283999864,0.0453,1.147849086,0.283999864,0.00334183,0.433127083,0.520368229,ok,TRUE,binomial
climate,1,non_native_percent,FALSE,abandonment,-0.064457655,0.835319901,-0.0126,0.043215567,0.835319901,2.50E-04,0.433127083,0.520368229,ok,TRUE,binomial
climate,1,invasive_percent,FALSE,pca1_clima,-1.288712045,4.37E-04,-0.7705,12.36737061,4.37E-04,0.073307182,0.347761586,0.445709618,ok,TRUE,binomial
climate,1,invasive_percent,FALSE,pH,-0.743481697,8.82E-04,-0.3522,11.06090678,8.82E-04,0.00667227,0.347761586,0.445709618,ok,TRUE,binomial
climate,1,invasive_percent,FALSE,microrelief,0.039783887,0.178401671,0.096,1.8108886,0.178401671,4.30E-04,0.347761586,0.445709618,ok,TRUE,binomial
climate,1,invasive_percent,FALSE,heat_index,0.725886722,0.427490532,0.0682,0.629631451,0.427490532,2.96E-04,0.347761586,0.445709618,ok,TRUE,binomial
climate,1,invasive_percent,FALSE,cover_litter,0.374685699,0.553237511,0.0487,0.351549132,0.553237511,7.58E-06,0.347761586,0.445709618,ok,TRUE,binomial
climate,1,invasive_percent,FALSE,cover_herbs_sum,-0.41376668,0.452633096,-0.0611,0.564049817,0.452633096,0.010820527,0.347761586,0.445709618,ok,TRUE,binomial
climate,1,invasive_percent,FALSE,cover_gravel_stones,-1.520229109,0.367749936,-0.121,0.81125342,0.367749936,0.004667897,0.347761586,0.445709618,ok,TRUE,binomial
climate,1,invasive_percent,FALSE,built_up_2km,8.04408094,2.05E-04,0.1819,13.78467372,2.05E-04,0.013799937,0.347761586,0.445709618,ok,TRUE,binomial
climate,1,invasive_percent,FALSE,grazing_intencity,0.182934646,0.560885158,0.0662,0.338173943,0.560885158,4.40E-04,0.347761586,0.445709618,ok,TRUE,binomial
climate,1,invasive_percent,FALSE,mowing,0.908798358,0.209317679,0.0865,1.576139261,0.209317679,0.009486184,0.347761586,0.445709618,ok,TRUE,binomial
climate,1,invasive_percent,FALSE,abandonment,0.296252925,0.593275828,0.0633,0.285257439,0.593275828,6.21E-05,0.347761586,0.445709618,ok,TRUE,binomial
climate,10,non_native_percent,FALSE,pca1_clima,-1.239828214,7.45E-14,-0.7248,55.9462239,7.45E-14,0.314434367,0.346843918,0.45150247,ok,TRUE,binomial
climate,10,non_native_percent,FALSE,pH,-0.189687963,0.086027483,-0.0879,2.947181297,0.086027483,0.004530553,0.346843918,0.45150247,ok,TRUE,binomial
climate,10,non_native_percent,FALSE,microrelief,0.029791336,0.023724525,0.0703,5.114659211,0.023724525,0.004213616,0.346843918,0.45150247,ok,TRUE,binomial
climate,10,non_native_percent,FALSE,heat_index,-0.191965935,0.626331664,-0.0176,0.237068223,0.626331664,2.87E-04,0.346843918,0.45150247,ok,TRUE,binomial
climate,10,non_native_percent,FALSE,cover_litter,0.171840379,0.522768693,0.0218,0.408427564,0.522768693,0.002287363,0.346843918,0.45150247,ok,TRUE,binomial
climate,10,non_native_percent,FALSE,cover_herbs_sum,0.266879012,0.24112351,0.0385,1.374013464,0.24112351,0.012530838,0.346843918,0.45150247,ok,TRUE,binomial
climate,10,non_native_percent,FALSE,cover_gravel_stones,0.101617783,0.805372824,0.0079,0.060712821,0.805372824,0.002790243,0.346843918,0.45150247,ok,TRUE,binomial
climate,10,non_native_percent,FALSE,built_up_2km,0.169903575,0.9125147,0.0038,0.012070801,0.9125147,3.40E-04,0.346843918,0.45150247,ok,TRUE,binomial
climate,10,non_native_percent,FALSE,grazing_intencity,0.222175035,0.111671501,0.0786,2.5304057,0.111671501,0.007663768,0.346843918,0.45150247,ok,TRUE,binomial
climate,10,non_native_percent,FALSE,mowing,0.611984086,0.147333901,0.057,2.099639202,0.147333901,0.007440753,0.346843918,0.45150247,ok,TRUE,binomial
climate,10,non_native_percent,FALSE,abandonment,0.203707857,0.445468976,0.0426,0.582154722,0.445468976,0.002047766,0.346843918,0.45150247,ok,TRUE,binomial
climate,10,invasive_percent,FALSE,pca1_clima,-0.941312662,3.06E-05,-0.629,17.3822479,3.06E-05,0.144294842,0.217588445,0.296422925,ok,TRUE,binomial
climate,10,invasive_percent,FALSE,pH,-0.517782888,8.78E-04,-0.2742,11.0677309,8.78E-04,0.027698446,0.217588445,0.296422925,ok,TRUE,binomial
climate,10,invasive_percent,FALSE,microrelief,0.026983922,0.161403335,0.0728,1.961028784,0.161403335,0.002997544,0.217588445,0.296422925,ok,TRUE,binomial
climate,10,invasive_percent,FALSE,heat_index,0.019812311,0.972360136,0.0021,0.001200509,0.972360136,5.35E-05,0.217588445,0.296422925,ok,TRUE,binomial
climate,10,invasive_percent,FALSE,cover_litter,-0.041872398,0.922702443,-0.0061,0.009414852,0.922702443,0.001451786,0.217588445,0.296422925,ok,TRUE,binomial
climate,10,invasive_percent,FALSE,cover_herbs_sum,-0.399674388,0.260174718,-0.0659,1.267827061,0.260174718,5.63E-04,0.217588445,0.296422925,ok,TRUE,binomial
climate,10,invasive_percent,FALSE,cover_gravel_stones,-0.420200467,0.586980394,-0.0374,0.295084724,0.586980394,4.47E-06,0.217588445,0.296422925,ok,TRUE,binomial
climate,10,invasive_percent,FALSE,built_up_2km,4.309329902,0.00969065,0.1089,6.690895841,0.00969065,0.015711635,0.217588445,0.296422925,ok,TRUE,binomial
climate,10,invasive_percent,FALSE,grazing_intencity,0.187834223,0.319101842,0.076,0.992624199,0.319101842,0.002850621,0.217588445,0.296422925,ok,TRUE,binomial
climate,10,invasive_percent,FALSE,mowing,-0.048480278,0.937532751,-0.0052,0.006142051,0.937532751,1.98E-04,0.217588445,0.296422925,ok,TRUE,binomial
climate,10,invasive_percent,FALSE,abandonment,0.059231224,0.867170188,0.0141,0.027973904,0.867170188,4.13E-04,0.217588445,0.296422925,ok,TRUE,binomial
climate,100,non_native_percent,FALSE,pca1_clima,-1.180140842,3.58E-14,-0.6926,57.38606755,3.58E-14,0.287365692,0.423897109,0.432798838,ok,TRUE,binomial
climate,100,non_native_percent,FALSE,pH,-0.064051687,0.444821873,-0.0293,0.583812339,0.444821873,1.59E-06,0.423897109,0.432798838,ok,TRUE,binomial
climate,100,non_native_percent,FALSE,microrelief,0.036693375,1.13E-04,0.0792,14.89879481,1.13E-04,0.010107753,0.423897109,0.432798838,ok,TRUE,binomial
climate,100,non_native_percent,FALSE,heat_index,-0.282993616,0.245029227,-0.025,1.351424562,0.245029227,6.86E-06,0.423897109,0.432798838,ok,TRUE,binomial
climate,100,non_native_percent,FALSE,cover_litter,0.5328788,0.008874183,0.0626,6.84797442,0.008874183,0.013652027,0.423897109,0.432798838,ok,TRUE,binomial
climate,100,non_native_percent,FALSE,cover_herbs_sum,0.557862051,0.001064819,0.0745,10.71132315,0.001064819,0.016157343,0.423897109,0.432798838,ok,TRUE,binomial
climate,100,non_native_percent,FALSE,cover_gravel_stones,0.363240339,0.280415825,0.0263,1.16507348,0.280415825,0.003306024,0.423897109,0.432798838,ok,TRUE,binomial
climate,100,non_native_percent,FALSE,built_up_2km,0.155604088,0.872233079,0.0035,0.025863928,0.872233079,0.001018352,0.423897109,0.432798838,ok,TRUE,binomial
climate,100,non_native_percent,FALSE,grazing_intencity,0.26995193,3.51E-04,0.0959,12.77416164,3.51E-04,0.009836061,0.423897109,0.432798838,ok,TRUE,binomial
climate,100,non_native_percent,FALSE,mowing,0.358798665,0.112594855,0.0335,2.517417354,0.112594855,0.002926329,0.423897109,0.432798838,ok,TRUE,binomial
climate,100,non_native_percent,FALSE,abandonment,0.272908693,0.06513172,0.0572,3.401637783,0.06513172,0.004316689,0.423897109,0.432798838,ok,TRUE,binomial
climate,100,invasive_percent,FALSE,pca1_clima,-1.362862971,2.29E-04,-0.8012,13.57653407,2.29E-04,0.189454251,0.426185529,0.474071854,ok,TRUE,binomial
climate,100,invasive_percent,FALSE,pH,-0.420881461,0.017978934,-0.1929,5.598200605,0.017978934,0.019929469,0.426185529,0.474071854,ok,TRUE,binomial
climate,100,invasive_percent,FALSE,microrelief,0.036401751,0.074673992,0.0787,3.177169265,0.074673992,1.15E-04,0.426185529,0.474071854,ok,TRUE,binomial
climate,100,invasive_percent,FALSE,heat_index,0.045534482,0.927760672,0.004,0.008219711,0.927760672,5.93E-05,0.426185529,0.474071854,ok,TRUE,binomial
climate,100,invasive_percent,FALSE,cover_litter,0.413250234,0.366989514,0.0486,0.813832763,0.366989514,0.001572889,0.426185529,0.474071854,ok,TRUE,binomial
climate,100,invasive_percent,FALSE,cover_herbs_sum,-0.254832343,0.507957267,-0.0341,0.43827283,0.507957267,0.009158912,0.426185529,0.474071854,ok,TRUE,binomial
climate,100,invasive_percent,FALSE,cover_gravel_stones,0.321115658,0.664032383,0.0233,0.188662216,0.664032383,0.001163455,0.426185529,0.474071854,ok,TRUE,binomial
climate,100,invasive_percent,FALSE,built_up_2km,2.468311027,0.152595544,0.0549,2.046111028,0.152595544,0.004963896,0.426185529,0.474071854,ok,TRUE,binomial
climate,100,invasive_percent,FALSE,grazing_intencity,0.351942718,0.034026151,0.1253,4.493389434,0.034026151,0.005128951,0.426185529,0.474071854,ok,TRUE,binomial
climate,100,invasive_percent,FALSE,mowing,0.17676638,0.75073155,0.0166,0.100917344,0.75073155,0.001196345,0.426185529,0.474071854,ok,TRUE,binomial
climate,100,invasive_percent,FALSE,abandonment,0.216219112,0.510957926,0.0454,0.432104866,0.510957926,0.00192954,0.426185529,0.474071854,ok,TRUE,binomial
disturbance,1.00E-04,non_native_percent,FALSE,roads,0.291066595,0.014846764,NA,6.120365957,0.013363313,0.00751067,0.401911209,0.77337861,ok,TRUE,quasibinomial
disturbance,1.00E-04,non_native_percent,FALSE,Disturbance.Frequency,4.051756059,2.00E-12,NA,59.00209825,1.58E-14,0.043137884,0.401911209,0.77337861,ok,TRUE,quasibinomial
disturbance,1.00E-04,non_native_percent,FALSE,Disturbance.Severity,27.56271286,5.07E-26,NA,164.1790771,1.38E-37,0.052759091,0.401911209,0.77337861,ok,TRUE,quasibinomial
disturbance,0.001,non_native_percent,FALSE,roads,0.067770046,0.441812872,NA,0.600751092,0.438291594,9.72E-04,0.356939883,0.69621788,ok,TRUE,quasibinomial
disturbance,0.001,non_native_percent,FALSE,Disturbance.Frequency,1.944544858,1.66E-05,NA,19.87017805,8.29E-06,0.019960003,0.356939883,0.69621788,ok,TRUE,quasibinomial
disturbance,0.001,non_native_percent,FALSE,Disturbance.Severity,28.98106134,2.00E-25,NA,154.2808941,2.01E-35,0.119114139,0.356939883,0.69621788,ok,TRUE,quasibinomial
disturbance,0.001,invasive_percent,FALSE,roads,2.86876E+13,1.86E-09,NA,40.39601839,2.07E-10,0.077509728,1,1,ok,TRUE,quasibinomial
disturbance,0.001,invasive_percent,FALSE,Disturbance.Frequency,7.79471E+14,1.89E-56,NA,581.8566862,1.48E-128,0.612060114,1,1,ok,TRUE,quasibinomial
disturbance,0.001,invasive_percent,FALSE,Disturbance.Severity,1.44791E+16,4.43E-131,NA,5512.092701,0,0.942103933,1,1,ok,TRUE,quasibinomial
disturbance,0.01,non_native_percent,FALSE,roads,0.028113518,0.483492929,0.0259,0.490974488,0.483492929,0.001224008,0.473517766,0.473517766,ok,TRUE,binomial
disturbance,0.01,non_native_percent,FALSE,Disturbance.Frequency,1.71202246,1.89E-04,0.2335,13.93595037,1.89E-04,0.04525265,0.473517766,0.473517766,ok,TRUE,binomial
disturbance,0.01,non_native_percent,FALSE,Disturbance.Severity,27.11243048,4.91E-22,0.6558,93.12637812,4.91E-22,0.27491438,0.473517766,0.473517766,ok,TRUE,binomial
disturbance,0.01,invasive_percent,FALSE,roads,-1.11807E+13,0.011617967,NA,6.564301355,0.010404458,0.012379067,1,1,ok,TRUE,quasibinomial
disturbance,0.01,invasive_percent,FALSE,Disturbance.Frequency,3.59967E+14,9.88E-20,NA,105.4882996,9.55E-25,0.222263844,1,1,ok,TRUE,quasibinomial
disturbance,0.01,invasive_percent,FALSE,Disturbance.Severity,2.97942E+15,1.11E-30,NA,196.1516711,1.44E-44,0.379135339,1,1,ok,TRUE,quasibinomial
disturbance,0.1,non_native_percent,FALSE,roads,0.058408904,0.029894813,0.0568,4.71533082,0.029894813,0.006012871,0.413129329,0.413129329,ok,TRUE,binomial
disturbance,0.1,non_native_percent,FALSE,Disturbance.Frequency,1.728689148,5.48E-07,0.2357,25.08637945,5.48E-07,0.05183455,0.413129329,0.413129329,ok,TRUE,binomial
disturbance,0.1,non_native_percent,FALSE,Disturbance.Severity,26.21657408,1.36E-34,0.586,150.4783104,1.36E-34,0.445575182,0.413129329,0.413129329,ok,TRUE,binomial
disturbance,0.1,invasive_percent,FALSE,roads,0.258027049,0.014839599,NA,6.109922636,0.013442501,0.01621792,0.188169047,0.729882736,ok,TRUE,quasibinomial
disturbance,0.1,invasive_percent,FALSE,Disturbance.Frequency,-0.565166598,0.360661367,NA,0.848592172,0.356950911,0.001552059,0.188169047,0.729882736,ok,TRUE,quasibinomial
disturbance,0.1,invasive_percent,FALSE,Disturbance.Severity,25.85879017,2.09E-11,NA,51.38746444,7.58E-13,0.080840009,0.188169047,0.729882736,ok,TRUE,quasibinomial
disturbance,1,non_native_percent,FALSE,roads,0.063665199,0.013430109,0.0622,6.111552785,0.013430109,0.013120422,0.39952312,0.416393832,ok,TRUE,binomial
disturbance,1,non_native_percent,FALSE,Disturbance.Frequency,1.517857547,8.03E-07,0.2016,24.35180388,8.03E-07,0.078506824,0.39952312,0.416393832,ok,TRUE,binomial
disturbance,1,non_native_percent,FALSE,Disturbance.Severity,27.81150435,2.10E-39,0.5882,172.5016037,2.10E-39,0.52821323,0.39952312,0.416393832,ok,TRUE,binomial
disturbance,1,invasive_percent,FALSE,roads,0.173461908,0.067980733,NA,3.405269801,0.064988486,0.010715912,0.179282394,0.697847748,ok,TRUE,quasibinomial
disturbance,1,invasive_percent,FALSE,Disturbance.Frequency,0.361828992,0.601030555,NA,0.277270961,0.59849553,8.72E-04,0.179282394,0.697847748,ok,TRUE,quasibinomial
disturbance,1,invasive_percent,FALSE,Disturbance.Severity,26.15484859,3.17E-13,NA,62.14417455,3.19E-15,0.10440809,0.179282394,0.697847748,ok,TRUE,quasibinomial
disturbance,10,non_native_percent,FALSE,roads,0.04362511,0.034343203,0.0447,4.47753586,0.034343203,0.006861081,0.343874796,0.358566342,ok,TRUE,binomial
disturbance,10,non_native_percent,FALSE,Disturbance.Frequency,1.682898541,1.02E-12,0.2296,50.80484747,1.02E-12,0.070114409,0.343874796,0.358566342,ok,TRUE,binomial
disturbance,10,non_native_percent,FALSE,Disturbance.Severity,24.73878889,1.50E-51,0.511,228.1598191,1.50E-51,0.441982724,0.343874796,0.358566342,ok,TRUE,binomial
disturbance,10,invasive_percent,FALSE,roads,0.132495757,0.00631859,0.1499,7.457123309,0.00631859,0.029040202,0.13749276,0.296591449,ok,TRUE,binomial
disturbance,10,invasive_percent,FALSE,Disturbance.Frequency,1.239453121,0.015389821,0.1868,5.871284226,0.015389821,1.67E-04,0.13749276,0.296591449,ok,TRUE,binomial
disturbance,10,invasive_percent,FALSE,Disturbance.Severity,11.98559453,4.51E-04,0.2736,12.30692978,4.51E-04,0.174760233,0.13749276,0.296591449,ok,TRUE,binomial
disturbance,100,non_native_percent,FALSE,roads,0.032926195,0.078793943,0.0353,3.089604791,0.078793943,0.008544269,0.292920969,0.301285045,ok,TRUE,binomial
disturbance,100,non_native_percent,FALSE,Disturbance.Frequency,1.771751247,1.21E-09,0.2509,36.9455352,1.21E-09,0.095514138,0.292920969,0.301285045,ok,TRUE,binomial
disturbance,100,non_native_percent,FALSE,Disturbance.Severity,22.08767882,1.78E-36,0.4228,159.0977709,1.78E-36,0.397205229,0.292920969,0.301285045,ok,TRUE,binomial
disturbance,100,invasive_percent,FALSE,roads,0.081420216,0.041851345,0.0957,4.141205912,0.041851345,0.011128119,0.110381013,0.193117428,ok,TRUE,binomial
disturbance,100,invasive_percent,FALSE,Disturbance.Frequency,1.289631625,0.034331751,0.2006,4.478105792,0.034331751,0.004232802,0.110381013,0.193117428,ok,TRUE,binomial
disturbance,100,invasive_percent,FALSE,Disturbance.Severity,9.612036173,0.005165972,0.2021,7.820401468,0.005165972,0.026488778,0.110381013,0.193117428,ok,TRUE,binomial
native,1.00E-04,non_native_percent,TRUE,native,-0.336944969,0.011001012,NA,100.578928,1.14E-23,0.863210007,0.111788841,0.111788841,ok,TRUE,quasibinomial
native,0.001,non_native_percent,TRUE,native,-0.275835726,7.04E-04,NA,58.27286848,2.28E-14,0.661791941,0.091107297,0.109443042,ok,TRUE,quasibinomial
native,0.001,invasive_percent,TRUE,native,-0.543047625,NA,NA,328.5376488,2.00E-73,0.990421255,0.08226492,0.08226492,ok,TRUE,quasibinomial
native,0.01,non_native_percent,TRUE,native,-0.146823763,4.93E-08,NA,94.51342306,2.43E-22,0.599116368,0.075396064,0.097409164,ok,TRUE,quasibinomial
native,0.01,invasive_percent,TRUE,native,-0.24230081,0.014326777,NA,83.48141358,6.43E-20,0.908654918,0.091927158,0.091927158,ok,TRUE,quasibinomial
native,0.1,non_native_percent,TRUE,native,-0.07539352,1.19E-07,-0.2319,28.04220144,1.19E-07,0.458427297,0.053789614,0.053789614,ok,TRUE,binomial
native,0.1,invasive_percent,TRUE,native,-0.099276088,1.12E-07,NA,239.143048,6.05E-54,0.889204101,0.046968083,0.050057116,ok,TRUE,quasibinomial
native,1,non_native_percent,TRUE,native,-0.062741526,3.28E-14,-0.2938,57.55894191,3.28E-14,0.481534145,0.08504458,0.102123149,ok,TRUE,binomial
native,1,invasive_percent,TRUE,native,-0.062546512,4.95E-08,NA,104.0831039,1.94E-24,0.716479103,0.054603417,0.054603417,ok,TRUE,quasibinomial
native,10,non_native_percent,TRUE,native,-0.044522038,2.00E-20,-0.3014,85.78789539,2.00E-20,0.382495948,0.088590398,0.137533139,ok,TRUE,binomial
native,10,invasive_percent,TRUE,native,-0.036169045,8.78E-11,NA,102.7901976,3.73E-24,0.564301094,0.048854934,0.063794692,ok,TRUE,quasibinomial
native,100,non_native_percent,TRUE,native,-0.026479095,2.53E-16,-0.2619,67.13897257,2.53E-16,0.343143085,0.070027997,0.097446164,ok,TRUE,binomial
native,100,invasive_percent,TRUE,native,-0.022854142,1.67E-07,NA,34.09303317,5.25E-09,0.549946888,0.039635964,0.047127094,ok,TRUE,quasibinomial
native,1.00E-04,non_native_percent,FALSE,native,-0.244577861,2.77E-08,NA,34.33379881,4.64E-09,0.008663199,0.01119116,0.551474445,ok,TRUE,quasibinomial
native,1.00E-04,invasive_percent,FALSE,native,-1.04203E+14,5.41E-40,NA,320.3166903,1.24E-71,0.326514892,1,1,ok,TRUE,quasibinomial
native,0.001,non_native_percent,FALSE,native,-0.051618087,0.297058667,NA,1.099985559,0.294269274,0.00192823,0.001582443,0.50983568,ok,TRUE,quasibinomial
native,0.001,invasive_percent,FALSE,native,-6.34583E+13,2.68E-36,NA,261.4231735,8.40E-59,0.324390118,1,1,ok,TRUE,quasibinomial
native,0.01,non_native_percent,FALSE,native,-0.072548492,0.016022937,NA,5.9385661,0.014813065,0.010658682,0.009807601,0.519732177,ok,TRUE,quasibinomial
native,0.01,invasive_percent,FALSE,native,-6.05499E+13,3.66E-82,NA,1167.982434,5.54E-256,0.683530798,1,1,ok,TRUE,quasibinomial
native,0.1,non_native_percent,FALSE,native,-0.073908624,1.30E-05,NA,20.16513244,7.10E-06,0.059073509,0.035876008,0.417714687,ok,TRUE,quasibinomial
native,0.1,invasive_percent,FALSE,native,-0.14916318,1.40E-11,NA,52.08825861,5.31E-13,0.045887126,0.075665897,0.698491978,ok,TRUE,quasibinomial
native,1,non_native_percent,FALSE,native,-0.050693358,2.58E-06,NA,23.63178565,1.17E-06,0.082447688,0.040923003,0.391602158,ok,TRUE,quasibinomial
native,1,invasive_percent,FALSE,native,-0.086610782,1.45E-07,NA,30.00735894,4.30E-08,0.057299593,0.06863344,0.650446109,ok,TRUE,quasibinomial
native,10,non_native_percent,FALSE,native,-0.03289773,2.14E-06,-0.2227,22.46853594,2.14E-06,0.025143786,0.04526635,0.297179797,ok,TRUE,binomial
native,10,invasive_percent,FALSE,native,-0.047658073,9.82E-08,-0.3386,28.40911012,9.82E-08,0.031296594,0.103871356,0.231536146,ok,TRUE,binomial
native,100,non_native_percent,FALSE,native,-0.01989342,7.10E-06,NA,21.63393409,3.30E-06,0.14117026,0.04370659,0.125863249,ok,TRUE,quasibinomial
native,100,invasive_percent,FALSE,native,-0.024581069,1.98E-04,-0.2584,13.84594195,1.98E-04,0.069121794,0.064376399,0.156710896,ok,TRUE,binomial
climate_native,1.00E-04,non_native_percent,TRUE,pca1_clima,-0.059373431,0.694333268,NA,0.193766133,0.65980041,0.011206092,0.112110846,0.112110846,ok,TRUE,quasibinomial
climate_native,1.00E-04,non_native_percent,TRUE,native,-0.342813969,0.013046256,NA,90.18434805,2.17E-21,0.850640414,0.112110846,0.112110846,ok,TRUE,quasibinomial
climate_native,0.001,non_native_percent,TRUE,pca1_clima,-0.011946153,0.934779051,NA,0.007462366,0.931160381,2.41E-04,0.090978275,0.10915406,ok,TRUE,quasibinomial
climate_native,0.001,non_native_percent,TRUE,native,-0.274966891,9.01E-04,NA,53.98747204,2.02E-13,0.651768422,0.090978275,0.10915406,ok,TRUE,quasibinomial
climate_native,0.001,invasive_percent,TRUE,pca1_clima,-0.07502834,0.790797689,NA,0.22884351,0.632382677,0.056314738,0.08239279,0.08239279,ok,TRUE,quasibinomial
climate_native,0.001,invasive_percent,TRUE,native,-0.54561318,NA,NA,334.8377736,8.49E-75,0.990627876,0.08239279,0.08239279,ok,TRUE,quasibinomial
climate_native,0.01,non_native_percent,TRUE,pca1_clima,-0.093284329,0.225188537,NA,1.571376656,0.210007202,0.024335276,0.077227438,0.098035729,ok,TRUE,quasibinomial
climate_native,0.01,non_native_percent,TRUE,native,-0.138405567,3.77E-07,NA,70.84788041,3.86E-17,0.524076194,0.077227438,0.098035729,ok,TRUE,quasibinomial
climate_native,0.01,invasive_percent,TRUE,pca1_clima,0.099664,0.606237231,NA,0.406478957,0.52376208,0.038090099,0.092045091,0.092045091,ok,TRUE,quasibinomial
climate_native,0.01,invasive_percent,TRUE,native,-0.23889204,0.017014103,NA,78.75870872,7.02E-19,0.90463528,0.092045091,0.092045091,ok,TRUE,quasibinomial
climate_native,0.1,non_native_percent,TRUE,pca1_clima,-0.357343988,0.00790056,-0.1401,7.055877453,0.00790056,0.09026222,0.075078277,0.075078277,ok,TRUE,binomial
climate_native,0.1,non_native_percent,TRUE,native,-0.060048657,1.53E-04,-0.1826,14.33463632,1.53E-04,0.37205493,0.075078277,0.075078277,ok,TRUE,binomial
climate_native,0.1,invasive_percent,TRUE,pca1_clima,0.11157856,0.044524233,NA,4.940157663,0.026239643,0.158522379,0.047704665,0.050367447,ok,TRUE,quasibinomial
climate_native,0.1,invasive_percent,TRUE,native,-0.101730323,6.27E-08,NA,281.6056857,3.36E-63,0.903560469,0.047704665,0.050367447,ok,TRUE,quasibinomial
climate_native,1,non_native_percent,TRUE,pca1_clima,-0.350916592,0.002146718,-0.1368,9.419655804,0.002146718,0.067177854,0.103144322,0.108840046,ok,TRUE,binomial
climate_native,1,non_native_percent,TRUE,native,-0.049311548,5.69E-08,-0.229,29.46562567,5.69E-08,0.355750101,0.103144322,0.108840046,ok,TRUE,binomial
climate_native,1,invasive_percent,TRUE,pca1_clima,0.150012738,0.039766404,NA,4.835453008,0.027880315,0.085960836,0.055442716,0.056494305,ok,TRUE,quasibinomial
climate_native,1,invasive_percent,TRUE,native,-0.063091233,1.76E-08,NA,124.0538258,8.20E-29,0.743327197,0.055442716,0.056494305,ok,TRUE,quasibinomial
climate_native,10,non_native_percent,TRUE,pca1_clima,-0.518407881,1.35E-07,-0.1957,27.79462531,1.35E-07,0.158767477,0.123747839,0.149252721,ok,TRUE,binomial
climate_native,10,non_native_percent,TRUE,native,-0.032007416,1.65E-10,-0.2143,40.83698891,1.65E-10,0.244375101,0.123747839,0.149252721,ok,TRUE,binomial
climate_native,10,invasive_percent,TRUE,pca1_clima,0.241287975,0.002088093,NA,10.47463403,0.001210248,0.110444794,0.052887799,0.064390193,ok,TRUE,quasibinomial
climate_native,10,invasive_percent,TRUE,native,-0.037761737,1.37E-11,NA,122.4488243,1.84E-28,0.598744725,0.052887799,0.064390193,ok,TRUE,quasibinomial
climate_native,100,non_native_percent,TRUE,pca1_clima,-0.632413015,1.33E-07,-0.23,27.8285018,1.33E-07,0.297032459,0.141410808,0.145618823,ok,TRUE,binomial
climate_native,100,non_native_percent,TRUE,native,-0.021816902,9.13E-12,-0.2125,46.50593749,9.13E-12,0.245307014,0.141410808,0.145618823,ok,TRUE,binomial
climate_native,100,invasive_percent,TRUE,pca1_clima,0.075362781,0.63008296,NA,0.242343006,0.62251897,0.010579072,0.038898875,0.044768175,ok,TRUE,quasibinomial
climate_native,100,invasive_percent,TRUE,native,-0.023162082,1.81E-07,NA,34.3655331,4.57E-09,0.534830413,0.038898875,0.044768175,ok,TRUE,quasibinomial
climate_native,1.00E-04,non_native_percent,FALSE,pca1_clima,-1.32762394,0.0336728,NA,4.619375076,0.031612754,0.08160654,0.273614914,0.764355463,ok,TRUE,quasibinomial
climate_native,1.00E-04,non_native_percent,FALSE,native,-0.248298504,3.36E-09,NA,39.52078483,3.25E-10,0.002082587,0.273614914,0.764355463,ok,TRUE,quasibinomial
climate_native,1.00E-04,invasive_percent,FALSE,pca1_clima,4.01691E+14,9.30E-129,NA,4249.907277,0,0.913725633,1,1,ok,TRUE,quasibinomial
climate_native,1.00E-04,invasive_percent,FALSE,native,-1.80171E+14,2.84E-69,NA,953.3744685,2.45E-209,0.588589371,1,1,ok,TRUE,quasibinomial
climate_native,0.001,non_native_percent,FALSE,pca1_clima,-1.42598939,0.001298189,-0.7165,10.34509841,0.001298189,0.122477685,0.487921409,0.624182913,ok,TRUE,binomial
climate_native,0.001,non_native_percent,FALSE,native,-0.110108633,0.309599878,-0.0786,1.032381925,0.309599878,3.96E-04,0.487921409,0.624182913,ok,TRUE,binomial
climate_native,0.001,invasive_percent,FALSE,pca1_clima,-6.48977E+13,6.60E-20,NA,106.2215485,6.59E-25,0.191051192,1,1,ok,TRUE,quasibinomial
climate_native,0.001,invasive_percent,FALSE,native,1.13894E+14,2.89E-66,NA,793.2623722,1.57E-174,0.594638627,1,1,ok,TRUE,quasibinomial
climate_native,0.01,non_native_percent,FALSE,pca1_clima,-1.015472251,2.71E-05,-0.606,17.6084349,2.71E-05,0.188870821,0.343872971,0.454857525,ok,TRUE,binomial
climate_native,0.01,non_native_percent,FALSE,native,-0.018854721,0.655134547,-0.0286,0.199487862,0.655134547,2.63E-04,0.343872971,0.454857525,ok,TRUE,binomial
climate_native,0.01,invasive_percent,FALSE,pca1_clima,-2.80658E+13,2.50E-07,NA,28.87697769,7.71E-08,0.064494844,1,1,ok,TRUE,quasibinomial
climate_native,0.01,invasive_percent,FALSE,native,-4.72679E+14,2.19E-239,NA,65064.07995,0,0.992167683,1,1,ok,TRUE,quasibinomial
climate_native,0.1,non_native_percent,FALSE,pca1_clima,-0.976223268,8.98E-08,-0.5823,28.58331628,8.98E-08,0.266486638,0.338634567,0.444408157,ok,TRUE,binomial
climate_native,0.1,non_native_percent,FALSE,native,-0.035599535,0.071712021,-0.0923,3.243392113,0.071712021,0.001597438,0.338634567,0.444408157,ok,TRUE,binomial
climate_native,0.1,invasive_percent,FALSE,pca1_clima,-0.419188201,0.14197226,NA,2.191831396,0.138744261,0.017676703,0.113853205,0.713345637,ok,TRUE,quasibinomial
climate_native,0.1,invasive_percent,FALSE,native,-0.14741985,2.62E-11,NA,50.64938887,1.10E-12,0.040370643,0.113853205,0.713345637,ok,TRUE,quasibinomial
climate_native,1,non_native_percent,FALSE,pca1_clima,-0.82597682,3.93E-08,-0.5072,30.18418597,3.93E-08,0.294695278,0.2686504,0.418201612,ok,TRUE,binomial
climate_native,1,non_native_percent,FALSE,native,-0.031569982,0.008968435,-0.1285,6.829101819,0.008968435,0.007737082,0.2686504,0.418201612,ok,TRUE,binomial
climate_native,1,invasive_percent,FALSE,pca1_clima,-0.673352267,0.023107198,NA,5.287061768,0.021484439,0.064722995,0.159301824,0.687412434,ok,TRUE,quasibinomial
climate_native,1,invasive_percent,FALSE,native,-0.082369278,7.85E-07,NA,26.3094171,2.91E-07,0.043499405,0.159301824,0.687412434,ok,TRUE,quasibinomial
climate_native,10,non_native_percent,FALSE,pca1_clima,-0.824386752,1.71E-12,-0.5081,49.79211046,1.71E-12,0.433968596,0.275478263,0.396572736,ok,TRUE,binomial
climate_native,10,non_native_percent,FALSE,native,-0.020749542,0.001501574,-0.1278,10.07668349,0.001501574,0.002224661,0.275478263,0.396572736,ok,TRUE,binomial
climate_native,10,invasive_percent,FALSE,pca1_clima,-0.448598036,0.001771877,-0.3052,9.772020012,0.001771877,0.155073086,0.179172413,0.283686115,ok,TRUE,binomial
climate_native,10,invasive_percent,FALSE,native,-0.041422009,1.15E-05,-0.2816,19.25145153,1.15E-05,0.013422125,0.179172413,0.283686115,ok,TRUE,binomial
climate_native,100,non_native_percent,FALSE,pca1_clima,-0.89282876,4.35E-12,-0.5582,47.96163185,4.35E-12,0.457615674,0.34612035,0.356567333,ok,TRUE,binomial
climate_native,100,non_native_percent,FALSE,native,-0.016360913,3.46E-07,-0.1487,25.97400858,3.46E-07,0.015955302,0.34612035,0.356567333,ok,TRUE,binomial
climate_native,100,invasive_percent,FALSE,pca1_clima,-0.878213951,0.002285259,-0.5658,9.305027321,0.002285259,0.245101793,0.334414968,0.396995978,ok,TRUE,binomial
climate_native,100,invasive_percent,FALSE,native,-0.02141748,0.001549088,-0.2006,10.01929388,0.001549088,0.03419203,0.334414968,0.396995978,ok,TRUE,binomial
climate,0.001,non_native_percent,FALSE,pca1_clima,-3.456870679,1.01E-04,NA,16.50235467,4.86E-05,0.102590147,0.608472777,0.878918544,ok,TRUE,quasibinomial
climate,0.001,non_native_percent,FALSE,pH,-0.445602882,0.077100562,NA,3.302186759,0.06918772,0.001199624,0.608472777,0.878918544,ok,TRUE,quasibinomial
climate,0.001,non_native_percent,FALSE,microrelief,0.062869089,0.038651443,NA,4.538652501,0.033137668,0.001267559,0.608472777,0.878918544,ok,TRUE,quasibinomial
climate,0.001,non_native_percent,FALSE,heat_index,1.812158325,0.194192964,NA,1.771274234,0.183224461,0.001835211,0.608472777,0.878918544,ok,TRUE,quasibinomial
climate,0.001,non_native_percent,FALSE,cover_litter,0.954397454,0.027951719,NA,5.138612535,0.023399342,8.28E-04,0.608472777,0.878918544,ok,TRUE,quasibinomial
climate,0.001,non_native_percent,FALSE,cover_herbs_sum,0.016978446,0.973826586,NA,0.001123945,0.9732557,3.39E-07,0.608472777,0.878918544,ok,TRUE,quasibinomial
climate,0.001,non_native_percent,FALSE,cover_gravel_stones,3.397159334,0.002834163,NA,9.629169837,0.001915112,0.004052026,0.608472777,0.878918544,ok,TRUE,quasibinomial
climate,0.001,non_native_percent,FALSE,built_up_2km,8.12452024,0.111098191,NA,2.676437936,0.101843301,0.002155916,0.608472777,0.878918544,ok,TRUE,quasibinomial
climate,0.001,non_native_percent,FALSE,grazing_intencity,-0.00307496,0.995826617,NA,2.85E-05,0.995737356,3.79E-08,0.608472777,0.878918544,ok,TRUE,quasibinomial
climate,0.001,non_native_percent,FALSE,mowing,2.101423197,0.181198882,NA,1.875039326,0.170899033,0.002113133,0.608472777,0.878918544,ok,TRUE,quasibinomial
climate,0.001,non_native_percent,FALSE,abandonment,-0.825876253,0.44077513,NA,0.621056501,0.430654954,8.41E-04,0.608472777,0.878918544,ok,TRUE,quasibinomial
